DY1JetsToLL,DY,877.8,63730337.0,63730337.0,,/DY1JetsToLL_M-50_TuneCUETP8M1_13TeV-madgraphMLM-pythia8/RunIISummer16NanoAODv7-PUMoriond17_Nano02Apr2020_102X_mcRun2_asymptotic_v8-v1/NANOAODSIM
DY2JetsToLL,DY,304.4,19879279.0,19879279.0,,/DY2JetsToLL_M-50_TuneCUETP8M1_13TeV-madgraphMLM-pythia8/RunIISummer16NanoAODv7-PUMoriond17_Nano02Apr2020_102X_mcRun2_asymptotic_v8-v1/NANOAODSIM
DY3JetsToLL,DY,111.5,5857441.0,5857441.0,,/DY3JetsToLL_M-50_TuneCUETP8M1_13TeV-madgraphMLM-pythia8/RunIISummer16NanoAODv7-PUMoriond17_Nano02Apr2020_102X_mcRun2_asymptotic_v8-v1/NANOAODSIM
DY4JetsToLL,DY,44.03,4197868.0,4197868.0,,/DY4JetsToLL_M-50_TuneCUETP8M1_13TeV-madgraphMLM-pythia8/RunIISummer16NanoAODv7-PUMoriond17_Nano02Apr2020_102X_mcRun2_asymptotic_v8-v1/NANOAODSIM
DYJetsToLLext1,DY,6225.42,49748967.0,49748967.0,,/DYJetsToLL_M-50_TuneCUETP8M1_13TeV-madgraphMLM-pythia8/RunIISummer16NanoAODv7-PUMoriond17_Nano02Apr2020_102X_mcRun2_asymptotic_v8_ext1-v1/NANOAODSIM
DYJetsToLLext2,DY,6225.42,93007332.0,93007332.0,,/DYJetsToLL_M-50_TuneCUETP8M1_13TeV-madgraphMLM-pythia8/RunIISummer16NanoAODv7-PUMoriond17_Nano02Apr2020_102X_mcRun2_asymptotic_v8_ext2-v1/NANOAODSIM
DYJetsToLLM10to50,DY,18610,34909242.0,34909242.0,,/DYJetsToLL_M-10to50_TuneCUETP8M1_13TeV-madgraphMLM-pythia8/RunIISummer16NanoAODv7-PUMoriond17_Nano02Apr2020_102X_mcRun2_asymptotic_v8-v1/NANOAODSIM
EWKWMinus2Jets_ext1,Other,20.35,490330.0,490330.0,,/EWKWMinus2Jets_WToLNu_M-50_13TeV-madgraph-pythia8/RunIISummer16NanoAODv7-PUMoriond17_Nano02Apr2020_102X_mcRun2_asymptotic_v8_ext1-v1/NANOAODSIM
EWKWMinus2Jets_ext2,Other,20.35,3658420.0,3658420.0,,/EWKWMinus2Jets_WToLNu_M-50_13TeV-madgraph-pythia8/RunIISummer16NanoAODv7-PUMoriond17_Nano02Apr2020_102X_mcRun2_asymptotic_v8_ext2-v1/NANOAODSIM
EWKWMinus2Jets,Other,20.35,489205.0,489205.0,,/EWKWMinus2Jets_WToLNu_M-50_13TeV-madgraph-pythia8/RunIISummer16NanoAODv7-PUMoriond17_Nano02Apr2020_102X_mcRun2_asymptotic_v8-v1/NANOAODSIM
EWKWPlus2Jets_ext1,Other,29.59,500000.0,500000.0,,/EWKWPlus2Jets_WToLNu_M-50_13TeV-madgraph-pythia8/RunIISummer16NanoAODv7-PUMoriond17_Nano02Apr2020_102X_mcRun2_asymptotic_v8_ext1-v1/NANOAODSIM
EWKWPlus2Jets_ext2,Other,29.59,3943595.0,3943595.0,,/EWKWPlus2Jets_WToLNu_M-50_13TeV-madgraph-pythia8/RunIISummer16NanoAODv7-PUMoriond17_Nano02Apr2020_102X_mcRun2_asymptotic_v8_ext2-v1/NANOAODSIM
EWKWPlus2Jets,Other,29.59,500000.0,500000.0,,/EWKWPlus2Jets_WToLNu_M-50_13TeV-madgraph-pythia8/RunIISummer16NanoAODv7-PUMoriond17_Nano02Apr2020_102X_mcRun2_asymptotic_v8-v1/NANOAODSIM
EWKZ2JetsLL_ext1,Other,4.321,150000.0,150000.0,,/EWKZ2Jets_ZToLL_M-50_13TeV-madgraph-pythia8/RunIISummer16NanoAODv7-PUMoriond17_Nano02Apr2020_102X_mcRun2_asymptotic_v8_ext1-v1/NANOAODSIM
EWKZ2JetsLL_ext2,Other,4.321,699451.0,699451.0,,/EWKZ2Jets_ZToLL_M-50_13TeV-madgraph-pythia8/RunIISummer16NanoAODv7-PUMoriond17_Nano02Apr2020_102X_mcRun2_asymptotic_v8_ext2-v1/NANOAODSIM
EWKZ2JetsLL,Other,4.321,150000.0,150000.0,,/EWKZ2Jets_ZToLL_M-50_13TeV-madgraph-pythia8/RunIISummer16NanoAODv7-PUMoriond17_Nano02Apr2020_102X_mcRun2_asymptotic_v8-v1/NANOAODSIM
EWKZ2JetsNuNu_ext1,Other,10.04,300000.0,300000.0,,/EWKZ2Jets_ZToNuNu_13TeV-madgraph-pythia8/RunIISummer16NanoAODv7-PUMoriond17_Nano02Apr2020_102X_mcRun2_asymptotic_v8_ext1-v1/NANOAODSIM
EWKZ2JetsNuNu_ext2,Other,10.04,2388480.0,2388480.0,,/EWKZ2Jets_ZToNuNu_13TeV-madgraph-pythia8/RunIISummer16NanoAODv7-PUMoriond17_Nano02Apr2020_102X_mcRun2_asymptotic_v8_ext2-v1/NANOAODSIM
EWKZ2JetsNuNu,Other,10.04,296800.0,296800.0,,/EWKZ2Jets_ZToNuNu_13TeV-madgraph-pythia8/RunIISummer16NanoAODv7-PUMoriond17_Nano02Apr2020_102X_mcRun2_asymptotic_v8-v1/NANOAODSIM
ggTo2mu2tau_15,ggToAA2mu2tau_15,1,300000.0,300000.0,,/SUSYGluGluToHToAA_AToMuMu_AToTauTau_M-15_TuneCUETP8M1_13TeV_madgraph_pythia8/RunIISummer16NanoAODv7-PUMoriond17_Nano02Apr2020_102X_mcRun2_asymptotic_v8-v1/NANOAODSIM
ggTo2mu2tau_20,ggToAA2mu2tau_20,1,250000.0,250000.0,,/SUSYGluGluToHToAA_AToMuMu_AToTauTau_M-20_TuneCUETP8M1_13TeV_madgraph_pythia8/RunIISummer16NanoAODv7-PUMoriond17_Nano02Apr2020_102X_mcRun2_asymptotic_v8-v1/NANOAODSIM
ggTo2mu2tau_25,ggToAA2mu2tau_25,1,250000.0,250000.0,,/SUSYGluGluToHToAA_AToMuMu_AToTauTau_M-25_TuneCUETP8M1_13TeV_madgraph_pythia8/RunIISummer16NanoAODv7-PUMoriond17_Nano02Apr2020_102X_mcRun2_asymptotic_v8-v1/NANOAODSIM
ggTo2mu2tau_30,ggToAA2mu2tau_30,1,250000.0,250000.0,,/SUSYGluGluToHToAA_AToMuMu_AToTauTau_M-30_TuneCUETP8M1_13TeV_madgraph_pythia8/RunIISummer16NanoAODv7-PUMoriond17_Nano02Apr2020_102X_mcRun2_asymptotic_v8-v1/NANOAODSIM
ggTo2mu2tau_35,ggToAA2mu2tau_35,1,250000.0,250000.0,,/SUSYGluGluToHToAA_AToMuMu_AToTauTau_M-35_TuneCUETP8M1_13TeV_madgraph_pythia8/RunIISummer16NanoAODv7-PUMoriond17_Nano02Apr2020_102X_mcRun2_asymptotic_v8-v1/NANOAODSIM
ggTo2mu2tau_40,ggToAA2mu2tau_40,1,250000.0,250000.0,,/SUSYGluGluToHToAA_AToMuMu_AToTauTau_M-40_TuneCUETP8M1_13TeV_madgraph_pythia8/RunIISummer16NanoAODv7-PUMoriond17_Nano02Apr2020_102X_mcRun2_asymptotic_v8-v1/NANOAODSIM
ggTo2mu2tau_45,ggToAA2mu2tau_45,1,250000.0,250000.0,,/SUSYGluGluToHToAA_AToMuMu_AToTauTau_M-45_TuneCUETP8M1_13TeV_madgraph_pythia8/RunIISummer16NanoAODv7-PUMoriond17_Nano02Apr2020_102X_mcRun2_asymptotic_v8-v1/NANOAODSIM
ggTo2mu2tau_50,ggToAA2mu2tau_50,1,241675.0,241675.0,,/SUSYGluGluToHToAA_AToMuMu_AToTauTau_M-50_TuneCUETP8M1_13TeV_madgraph_pythia8/RunIISummer16NanoAODv7-PUMoriond17_Nano02Apr2020_102X_mcRun2_asymptotic_v8-v1/NANOAODSIM
ggTo2mu2tau_55,ggToAA2mu2tau_55,1,250000.0,250000.0,,/SUSYGluGluToHToAA_AToMuMu_AToTauTau_M-55_TuneCUETP8M1_13TeV_madgraph_pythia8/RunIISummer16NanoAODv7-PUMoriond17_Nano02Apr2020_102X_mcRun2_asymptotic_v8-v1/NANOAODSIM
ggTo2mu2tau_60,ggToAA2mu2tau_60,1,249252.0,249252.0,,/SUSYGluGluToHToAA_AToMuMu_AToTauTau_M-60_TuneCUETP8M1_13TeV_madgraph_pythia8/RunIISummer16NanoAODv7-PUMoriond17_Nano02Apr2020_102X_mcRun2_asymptotic_v8-v1/NANOAODSIM
ggZH_HToTauTau_ZToLL,Signal,0.1881*0.033658,2996400.0,2996400.0,,/ggZH_HToTauTau_ZToLL_M125_13TeV_powheg_pythia8/RunIISummer16NanoAODv7-PUMoriond17_Nano02Apr2020_102X_mcRun2_asymptotic_v8-v1/NANOAODSIM
ggZH_HToTauTau_ZToNuNu,Signal,0.0627*0.200,2857700.0,2857700.0,,/ggZH_HToTauTau_ZToNuNu_M125_13TeV_powheg_pythia8/RunIISummer16NanoAODv7-PUMoriond17_Nano02Apr2020_102X_mcRun2_asymptotic_v8-v1/NANOAODSIM
ggZH_HToTauTau_ZToQQ,Signal,0.0627*0.6991,200000.0,200000.0,,/ggZH_HToTauTau_ZToQQ_M125_13TeV_powheg_pythia8/RunIISummer16NanoAODv7-PUMoriond17_Nano02Apr2020_102X_mcRun2_asymptotic_v8-v1/NANOAODSIM
GluGluTo2e2mu,Other,0.0054,1469600.0,1469600.0,,/GluGluToContinToZZTo2e2mu_13TeV_MCFM701_pythia8/RunIISummer16NanoAODv7-PUMoriond17_Nano02Apr2020_102X_mcRun2_asymptotic_v8-v1/NANOAODSIM
GluGluTo2e2nu,Other,0.0054,499200.0,499200.0,,/GluGluToContinToZZTo2e2nu_13TeV_MCFM701_pythia8/RunIISummer16NanoAODv7-PUMoriond17_Nano02Apr2020_102X_mcRun2_asymptotic_v8-v1/NANOAODSIM
GluGluTo2e2tau,Other,0.0054,500000.0,500000.0,,/GluGluToContinToZZTo2e2tau_13TeV_MCFM701_pythia8/RunIISummer16NanoAODv7-PUMoriond17_Nano02Apr2020_102X_mcRun2_asymptotic_v8-v1/NANOAODSIM
GluGluTo2mu2nu,Other,0.0054,500000.0,500000.0,,/GluGluToContinToZZTo2mu2nu_13TeV_MCFM701_pythia8/RunIISummer16NanoAODv7-PUMoriond17_Nano02Apr2020_102X_mcRun2_asymptotic_v8-v1/NANOAODSIM
GluGluTo2mu2tau,Other,0.0054,499800.0,499800.0,,/GluGluToContinToZZTo2mu2tau_13TeV_MCFM701_pythia8/RunIISummer16NanoAODv7-PUMoriond17_Nano02Apr2020_102X_mcRun2_asymptotic_v8-v1/NANOAODSIM
GluGluTo4e,Other,0.0027,978600.0,978600.0,,/GluGluToContinToZZTo4e_13TeV_MCFM701_pythia8/RunIISummer16NanoAODv7-PUMoriond17_Nano02Apr2020_102X_mcRun2_asymptotic_v8-v1/NANOAODSIM
GluGluTo4mu,Other,0.0027,995200.0,995200.0,,/GluGluToContinToZZTo4mu_13TeV_MCFM701_pythia8/RunIISummer16NanoAODv7-PUMoriond17_Nano02Apr2020_102X_mcRun2_asymptotic_v8-v1/NANOAODSIM
GluGluToHToTauTau,Signal,48.58*0.0627,9673200.0,9673200.0,,/GluGluHToTauTau_M125_13TeV_powheg_pythia8/RunIISummer16NanoAODv7-PUMoriond17_Nano02Apr2020_102X_mcRun2_asymptotic_v8-v1/NANOAODSIM
GluGluZH_HToWW_ZTo2L,Other,0.00262,148525.0,148525.0,,/GluGluZH_HToWW_M125_13TeV_powheg_pythia8/RunIISummer16NanoAODv7-PUMoriond17_Nano02Apr2020_102X_mcRun2_asymptotic_v8-v1/NANOAODSIM
HZJ_HToWW,Other,0.163,295529.0,222635.9,,/HZJ_HToWW_M125_13TeV_powheg_pythia8/RunIISummer16NanoAODv7-PUMoriond17_Nano02Apr2020_102X_mcRun2_asymptotic_v8-v1/NANOAODSIM
ST_s,Top,10.12,2917199.0,29561762.1,,/ST_s-channel_4f_InclusiveDecays_13TeV-amcatnlo-pythia8/RunIISummer16NanoAODv7-PUMoriond17_Nano02Apr2020_102X_mcRun2_asymptotic_v8-v1/NANOAODSIM
ST_t_antitop,Top,80.95,38811017.0,38811017.0,,/ST_t-channel_antitop_4f_inclusiveDecays_13TeV-powhegV2-madspin-pythia8_TuneCUETP8M1/RunIISummer16NanoAODv7-PUMoriond17_Nano02Apr2020_102X_mcRun2_asymptotic_v8-v1/NANOAODSIM
ST_t_top,Top,136.02,58403420.0,58403420.0,,/ST_t-channel_top_4f_inclusiveDecays_13TeV-powhegV2-madspin-pythia8_TuneCUETP8M1/RunIISummer16NanoAODv7-PUMoriond17_Nano02Apr2020_102X_mcRun2_asymptotic_v8-v2/NANOAODSIM
ST_tW_antitop_ext1,Top,35.85,997870.0,997870.0,,/ST_tW_antitop_5f_DS_inclusiveDecays_13TeV-powheg-pythia8_TuneCUETP8M1/RunIISummer16NanoAODv7-PUMoriond17_Nano02Apr2020_102X_mcRun2_asymptotic_v8_ext1-v1/NANOAODSIM
ST_tW_top_ext1,Top,35.85,1000000.0,1000000.0,,/ST_tW_top_5f_DS_inclusiveDecays_13TeV-powheg-pythia8_TuneCUETP8M1/RunIISummer16NanoAODv7-PUMoriond17_Nano02Apr2020_102X_mcRun2_asymptotic_v8_ext1-v1/NANOAODSIM
TTGamma_1L,Other,1.53,11210400.0,11192897.1,,/TTGamma_SingleLept_TuneCP5_PSweights_13TeV-madgraph-pythia8/RunIISummer16NanoAODv7-PUMoriond17_Nano02Apr2020_102X_mcRun2_asymptotic_v8-v1/NANOAODSIM
TTGamma_2L,Other,0.6343,5705300.0,5693714.6,,/TTGamma_Dilept_TuneCP5_PSweights_13TeV-madgraph-pythia8/RunIISummer16NanoAODv7-PUMoriond17_Nano02Apr2020_102X_mcRun2_asymptotic_v8-v1/NANOAODSIM
TTGamma_Hadr,Other,0.7953,5767100.0,5760662.7,,/TTGamma_Hadronic_TuneCP5_PSweights_13TeV-madgraph-pythia8/RunIISummer16NanoAODv7-PUMoriond17_Nano02Apr2020_102X_mcRun2_asymptotic_v8-v1/NANOAODSIM
TTHH_ext1,Other,0.0007367,100000.0,100000.0,,/TTHH_TuneCUETP8M2T4_13TeV-madgraph-pythia8/RunIISummer16NanoAODv7-PUMoriond17_Nano02Apr2020_102X_mcRun2_asymptotic_v8_ext1-v1/NANOAODSIM
TTJets_1LTbar_ext1,Top,114,48387865.0,48387865.0,,/TTJets_SingleLeptFromTbar_TuneCUETP8M1_13TeV-madgraphMLM-pythia8/RunIISummer16NanoAODv7-PUMoriond17_Nano02Apr2020_102X_mcRun2_asymptotic_v8_ext1-v1/NANOAODSIM
TTJets_1LTbar,Top,114,11955887.0,11955887.0,,/TTJets_SingleLeptFromTbar_TuneCUETP8M1_13TeV-madgraphMLM-pythia8/RunIISummer16NanoAODv7-PUMoriond17_Nano02Apr2020_102X_mcRun2_asymptotic_v8-v1/NANOAODSIM
TTJets_1LT_ext1,Top,114,49664175.0,49664175.0,,/TTJets_SingleLeptFromT_TuneCUETP8M1_13TeV-madgraphMLM-pythia8/RunIISummer16NanoAODv7-PUMoriond17_Nano02Apr2020_102X_mcRun2_asymptotic_v8_ext1-v1/NANOAODSIM
TTJets_1LT,Top,114,11669947.0,11669947.0,,/TTJets_SingleLeptFromT_TuneCUETP8M1_13TeV-madgraphMLM-pythia8/RunIISummer16NanoAODv7-PUMoriond17_Nano02Apr2020_102X_mcRun2_asymptotic_v8-v1/NANOAODSIM
TTJets_DiLept_ext1,Top,56.86,24767666.0,24767666.0,,/TTJets_DiLept_TuneCUETP8M1_13TeV-madgraphMLM-pythia8/RunIISummer16NanoAODv7-PUMoriond17_Nano02Apr2020_102X_mcRun2_asymptotic_v8_ext1-v1/NANOAODSIM
TTJets_DiLept,Top,56.86,6068369.0,6068369.0,,/TTJets_DiLept_TuneCUETP8M1_13TeV-madgraphMLM-pythia8/RunIISummer16NanoAODv7-PUMoriond17_Nano02Apr2020_102X_mcRun2_asymptotic_v8-v1/NANOAODSIM
TTTJ_ext1,Other,0.0004812,100000.0,100000.0,,/TTTJ_TuneCUETP8M2T4_13TeV-madgraph-pythia8/RunIISummer16NanoAODv7-PUMoriond17_Nano02Apr2020_102X_mcRun2_asymptotic_v8_ext1-v1/NANOAODSIM
TTTT,Other,0.009103,250000.0,2283.8,,/TTTT_TuneCUETP8M1_13TeV-amcatnlo-pythia8/RunIISummer16NanoAODv7-PUMoriond17_Nano02Apr2020_102X_mcRun2_asymptotic_v8-v1/NANOAODSIM
TTTW_ext1,Other,0.0008612,97200.0,97200.0,,/TTTW_TuneCUETP8M2T4_13TeV-madgraph-pythia8/RunIISummer16NanoAODv7-PUMoriond17_Nano02Apr2020_102X_mcRun2_asymptotic_v8_ext1-v1/NANOAODSIM
TTWH_ext1,Other,0.001344,100000.0,100000.0,,/TTWH_TuneCUETP8M2T4_13TeV-madgraph-pythia8/RunIISummer16NanoAODv7-PUMoriond17_Nano02Apr2020_102X_mcRun2_asymptotic_v8_ext1-v1/NANOAODSIM
TTWJetsToLNu_ext1,Other,0.2149,1585367.0,536874.0,,/TTWJetsToLNu_TuneCUETP8M1_13TeV-amcatnloFXFX-madspin-pythia8/RunIISummer16NanoAODv7-PUMoriond17_Nano02Apr2020_102X_mcRun2_asymptotic_v8_ext1-v1/NANOAODSIM
TTWJetsToLNu_ext2,Other,0.2149,3120397.0,1054697.9,,/TTWJetsToLNu_TuneCUETP8M1_13TeV-amcatnloFXFX-madspin-pythia8/RunIISummer16NanoAODv7-PUMoriond17_Nano02Apr2020_102X_mcRun2_asymptotic_v8_ext2-v1/NANOAODSIM
TTWJetsToQQ,Other,0.4316,833298.0,569424.1,,/TTWJetsToQQ_TuneCUETP8M1_13TeV-amcatnloFXFX-madspin-pythia8/RunIISummer16NanoAODv7-PUMoriond17_Nano02Apr2020_102X_mcRun2_asymptotic_v8-v1/NANOAODSIM
ttW,Other,0.20431,6700440.0,6700440.0,,/ttWJets_13TeV_madgraphMLM/RunIISummer16NanoAODv7-Nano02Apr2020_102X_mcRun2_asymptotic_v8-v1/NANOAODSIM
TTWW_ext1,Other,0.007834,98300.0,98300.0,,/TTWW_TuneCUETP8M2T4_13TeV-madgraph-pythia8/RunIISummer16NanoAODv7-PUMoriond17_Nano02Apr2020_102X_mcRun2_asymptotic_v8_ext1-v1/NANOAODSIM
TTWZ_ext1,Other,0.002938,100000.0,100000.0,,/TTWZ_TuneCUETP8M2T4_13TeV-madgraph-pythia8/RunIISummer16NanoAODv7-PUMoriond17_Nano02Apr2020_102X_mcRun2_asymptotic_v8_ext1-v1/NANOAODSIM
TTZH_ext1,Other,0.001244,97800.0,97800.0,,/TTZH_TuneCUETP8M2T4_13TeV-madgraph-pythia8/RunIISummer16NanoAODv7-PUMoriond17_Nano02Apr2020_102X_mcRun2_asymptotic_v8_ext1-v1/NANOAODSIM
ttZ,Other,0.2529,9883364.0,9883364.0,,/ttZJets_13TeV_madgraphMLM-pythia8/RunIISummer16NanoAODv7-PUMoriond17_Nano02Apr2020_102X_mcRun2_asymptotic_v8-v1/NANOAODSIM
TTZToLLNuNu_ext1,Other,0.2529,1992438.0,502198.9,,/TTZToLLNuNu_M-10_TuneCUETP8M1_13TeV-amcatnlo-pythia8/RunIISummer16NanoAODv7-PUMoriond17_Nano02Apr2020_102X_mcRun2_asymptotic_v8_ext1-v1/NANOAODSIM
TTZToLLNuNu_ext2,Other,0.2529,5837781.0,1473733.6,,/TTZToLLNuNu_M-10_TuneCUETP8M1_13TeV-amcatnlo-pythia8/RunIISummer16NanoAODv7-PUMoriond17_Nano02Apr2020_102X_mcRun2_asymptotic_v8_ext2-v1/NANOAODSIM
TTZToLLNuNu_ext3,Other,0.2529,5862409.0,1480713.7,,/TTZToLLNuNu_M-10_TuneCUETP8M1_13TeV-amcatnlo-pythia8/RunIISummer16NanoAODv7-PUMoriond17_Nano02Apr2020_102X_mcRun2_asymptotic_v8_ext3-v1/NANOAODSIM
TTZToQQ,Other,0.5297,749400.0,396340.9,,/TTZToQQ_TuneCUETP8M1_13TeV-amcatnlo-pythia8/RunIISummer16NanoAODv7-PUMoriond17_Nano02Apr2020_102X_mcRun2_asymptotic_v8-v1/NANOAODSIM
TTZZ_ext1,Other,0.001563,98400.0,98400.0,,/TTZZ_TuneCUETP8M2T4_13TeV-madgraph-pythia8/RunIISummer16NanoAODv7-PUMoriond17_Nano02Apr2020_102X_mcRun2_asymptotic_v8_ext1-v1/NANOAODSIM
VBFHToTauTau,Signal,3.782*0.0627,1499400.0,5605382.0,,/VBFHToTauTau_M125_13TeV_powheg_pythia8/RunIISummer16NanoAODv7-PUMoriond17_Nano02Apr2020_102X_mcRun2_asymptotic_v8-v1/NANOAODSIM
W1JetsToLNu,Other,8104,45283121.0,45283121.0,,/W1JetsToLNu_TuneCUETP8M1_13TeV-madgraphMLM-pythia8/RunIISummer16NanoAODv7-PUMoriond17_Nano02Apr2020_102X_mcRun2_asymptotic_v8-v1/NANOAODSIM
W2JetsToLNu_ext1,Other,2793,30374504.0,30374504.0,,/W2JetsToLNu_TuneCUETP8M1_13TeV-madgraphMLM-pythia8/RunIISummer16NanoAODv7-PUMoriond17_Nano02Apr2020_102X_mcRun2_asymptotic_v8_ext1-v1/NANOAODSIM
W2JetsToLNu,Other,2793,30064264.0,30064264.0,,/W2JetsToLNu_TuneCUETP8M1_13TeV-madgraphMLM-pythia8/RunIISummer16NanoAODv7-PUMoriond17_Nano02Apr2020_102X_mcRun2_asymptotic_v8-v1/NANOAODSIM
W3JetsToLNu_ext1,Other,992.5,39430082.0,39430082.0,,/W3JetsToLNu_TuneCUETP8M1_13TeV-madgraphMLM-pythia8/RunIISummer16NanoAODv7-PUMoriond17_Nano02Apr2020_102X_mcRun2_asymptotic_v8_ext1-v1/NANOAODSIM
W3JetsToLNu,Other,992.5,19798117.0,19798117.0,,/W3JetsToLNu_TuneCUETP8M1_13TeV-madgraphMLM-pythia8/RunIISummer16NanoAODv7-PUMoriond17_Nano02Apr2020_102X_mcRun2_asymptotic_v8-v1/NANOAODSIM
W4JetsToLNu_ext1,Other,604,2073275.0,2073275.0,,/W4JetsToLNu_TuneCUETP8M1_13TeV-madgraphMLM-pythia8/RunIISummer16NanoAODv7-PUMoriond17_Nano02Apr2020_102X_mcRun2_asymptotic_v8_ext1-v1/NANOAODSIM
W4JetsToLNu_ext2,Other,604,18751462.0,18751462.0,,/W4JetsToLNu_TuneCUETP8M1_13TeV-madgraphMLM-pythia8/RunIISummer16NanoAODv7-PUMoriond17_Nano02Apr2020_102X_mcRun2_asymptotic_v8_ext2-v1/NANOAODSIM
W4JetsToLNu,Other,604,9116657.0,9116657.0,,/W4JetsToLNu_TuneCUETP8M1_13TeV-madgraphMLM-pythia8/RunIISummer16NanoAODv7-PUMoriond17_Nano02Apr2020_102X_mcRun2_asymptotic_v8-v1/NANOAODSIM
WJetsToLNu_ext2,Other,61526.7,57402435.0,57402435.0,,/WJetsToLNu_TuneCUETP8M1_13TeV-madgraphMLM-pythia8/RunIISummer16NanoAODv7-PUMoriond17_Nano02Apr2020_102X_mcRun2_asymptotic_v8_ext2-v1/NANOAODSIM
WJetsToLNu,Other,61526.7,29514020.0,29514020.0,,/WJetsToLNu_TuneCUETP8M1_13TeV-madgraphMLM-pythia8/RunIISummer16NanoAODv7-PUMoriond17_Nano02Apr2020_102X_mcRun2_asymptotic_v8-v1/NANOAODSIM
WminusHToTauTau,Signal,0.5328*0.0627,445200.0,237055.2,,/WminusHToTauTau_M125_13TeV_powheg_pythia8/RunIISummer16NanoAODv7-PUMoriond17_Nano02Apr2020_102X_mcRun2_asymptotic_v8-v1/NANOAODSIM
WplusHToTauTau,Signal,0.840*0.0627,437656.0,372379.7,,/WplusHToTauTau_M125_13TeV_powheg_pythia8/RunIISummer16NanoAODv7-PUMoriond17_Nano02Apr2020_102X_mcRun2_asymptotic_v8-v1/NANOAODSIM
WW_ext1,Other,64.3,6988168.0,6988278.1,,/WW_TuneCUETP8M1_13TeV-pythia8/RunIISummer16NanoAODv7-PUMoriond17_Nano02Apr2020_102X_mcRun2_asymptotic_v8_ext1-v1/NANOAODSIM
WW,Other,64.3,994012.0,994032.2,,/WW_TuneCUETP8M1_13TeV-pythia8/RunIISummer16NanoAODv7-PUMoriond17_Nano02Apr2020_102X_mcRun2_asymptotic_v8-v1/NANOAODSIM
WWTo1L1Nu2Q,Other,45.68,5246469.0,441171405.0,,/WWTo1L1Nu2Q_13TeV_amcatnloFXFX_madspin_pythia8/RunIISummer16NanoAODv7-PUMoriond17_Nano02Apr2020_102X_mcRun2_asymptotic_v8-v1/NANOAODSIM
WWTo2L2Nu,Other,11.08,1999000.0,1999000.0,,/WWTo2L2Nu_13TeV-powheg/RunIISummer16NanoAODv7-PUMoriond17_Nano02Apr2020_102X_mcRun2_asymptotic_v8-v1/NANOAODSIM
WWTo4Q,Other,47.73,1998400.0,1998400.0,,/WWTo4Q_13TeV-powheg/RunIISummer16NanoAODv7-PUMoriond17_Nano02Apr2020_102X_mcRun2_asymptotic_v8-v1/NANOAODSIM
WWToLNuQQ_ext1,Other,45.99,6655400.0,6655400.0,,/WWToLNuQQ_13TeV-powheg/RunIISummer16NanoAODv7-PUMoriond17_Nano02Apr2020_102X_mcRun2_asymptotic_v8_ext1-v1/NANOAODSIM
WWToLNuQQ,Other,45.99,1999200.0,1999200.0,,/WWToLNuQQ_13TeV-powheg/RunIISummer16NanoAODv7-PUMoriond17_Nano02Apr2020_102X_mcRun2_asymptotic_v8-v1/NANOAODSIM
WWW_4F,Other,0.2086,240000.0,50012.9,,/WWW_4F_TuneCUETP8M1_13TeV-amcatnlo-pythia8/RunIISummer16NanoAODv7-PUMoriond17_Nano02Apr2020_102X_mcRun2_asymptotic_v8-v1/NANOAODSIM
WWZ,Other,0.1651,250000.0,41171.8,,/WWZ_TuneCUETP8M1_13TeV-amcatnlo-pythia8/RunIISummer16NanoAODv7-PUMoriond17_Nano02Apr2020_102X_mcRun2_asymptotic_v8-v1/NANOAODSIM
WZ_ext1,Other,23.43,2997571.0,2997571.0,,/WZ_TuneCUETP8M1_13TeV-pythia8/RunIISummer16NanoAODv7-PUMoriond17_Nano02Apr2020_102X_mcRun2_asymptotic_v8_ext1-v1/NANOAODSIM
WZG,Other,0.04123,998200.0,41207.1,,/WZG_TuneCUETP8M1_13TeV-amcatnlo-pythia8/RunIISummer16NanoAODv7-PUMoriond17_Nano02Apr2020_102X_mcRun2_asymptotic_v8-v1/NANOAODSIM
WZ,Other,23.43,1000000.0,1000000.0,,/WZ_TuneCUETP8M1_13TeV-pythia8/RunIISummer16NanoAODv7-PUMoriond17_Nano02Apr2020_102X_mcRun2_asymptotic_v8-v1/NANOAODSIM
WZTo1L1Nu2Q,WZ,11.66,24311445.0,422045313.1,,/WZTo1L1Nu2Q_13TeV_amcatnloFXFX_madspin_pythia8/RunIISummer16NanoAODv7-PUMoriond17_Nano02Apr2020_102X_mcRun2_asymptotic_v8-v1/NANOAODSIM
WZTo1L3Nu,WZ,3.054,1703772.0,9357734.3,,/WZTo1L3Nu_13TeV_amcatnloFXFX_madspin_pythia8/RunIISummer16NanoAODv7-PUMoriond17_Nano02Apr2020_102X_mcRun2_asymptotic_v8-v1/NANOAODSIM
WZTo2L2Q,WZ,6.331,26445785.0,233388701.3,,/WZTo2L2Q_13TeV_amcatnloFXFX_madspin_pythia8/RunIISummer16NanoAODv7-PUMoriond17_Nano02Apr2020_102X_mcRun2_asymptotic_v8-v1/NANOAODSIM
WZTo2Q2Nu,WZ,6.317,17725159.0,181249856.9,,/WZTo2Q2Nu_13TeV_amcatnloFXFX_madspin_pythia8/RunIISummer16NanoAODv7-PUMoriond17_Nano02Apr2020_102X_mcRun2_asymptotic_v8-v1/NANOAODSIM
WZTo3LNumll_pow_ext1,WZ,58.59,87311013.0,87311013.0,,/WZTo3LNu_mllmin01_13TeV-powheg-pythia8_ext1/RunIISummer16NanoAODv7-PUMoriond17_Nano02Apr2020_102X_mcRun2_asymptotic_v8_ext1-v1/NANOAODSIM
WZTo3LNumll_pow,WZ,58.59,990980.0,990980.0,,/WZTo3LNu_mllmin01_13TeV-powheg-pythia8/RunIISummer16NanoAODv7-PUMoriond17_Nano02Apr2020_102X_mcRun2_asymptotic_v8-v1/NANOAODSIM
WZTo3LNu_pow_ext1,WZ,4.43,18000000.0,18000000.0,,/WZTo3LNu_TuneCUETP8M1_13TeV-powheg-pythia8/RunIISummer16NanoAODv7-PUMoriond17_Nano02Apr2020_102X_mcRun2_asymptotic_v8_ext1-v1/NANOAODSIM
WZTo3LNu_pow,WZ,4.43,1993200.0,1993200.0,,/WZTo3LNu_TuneCUETP8M1_13TeV-powheg-pythia8/RunIISummer16NanoAODv7-PUMoriond17_Nano02Apr2020_102X_mcRun2_asymptotic_v8-v1/NANOAODSIM
WZTo3LNu,WZ,4.679,11928707.0,97448992.3,,/WZTo3LNu_TuneCUETP8M1_13TeV-amcatnloFXFX-pythia8/RunIISummer16NanoAODv7-PUMoriond17_Nano02Apr2020_102X_mcRun2_asymptotic_v8-v1/NANOAODSIM
WZToLNu2Q_pow,WZ,9.877,497702.0,497702.0,,/WZToLNu2Q_13TeV_powheg_pythia8/RunIISummer16NanoAODv7-PUMoriond17_Nano02Apr2020_102X_mcRun2_asymptotic_v8-v1/NANOAODSIM
WZZ,Other,0.05565,246800.0,13736.4,,/WZZ_TuneCUETP8M1_13TeV-amcatnlo-pythia8/RunIISummer16NanoAODv7-PUMoriond17_Nano02Apr2020_102X_mcRun2_asymptotic_v8-v1/NANOAODSIM
ZHToTauTau,Signal,0.7612*0.0627,599803.0,451664.6,,/ZHToTauTau_M125_13TeV_powheg_pythia8/RunIISummer16NanoAODv7-PUMoriond17_Nano02Apr2020_102X_mcRun2_asymptotic_v8-v1/NANOAODSIM
ZZ_ext1,ZZ,12.14,998034.0,998034.0,,/ZZ_TuneCUETP8M1_13TeV-pythia8/RunIISummer16NanoAODv7-PUMoriond17_Nano02Apr2020_102X_mcRun2_asymptotic_v8_ext1-v1/NANOAODSIM
ZZTo2L2Q,Other,3.688,15462693.0,78447679.0,,/ZZTo2L2Q_13TeV_amcatnloFXFX_madspin_pythia8/RunIISummer16NanoAODv7-PUMoriond17_Nano02Apr2020_102X_mcRun2_asymptotic_v8-v1/NANOAODSIM
ZZTo4L_ext1,ZZ,1.382,96451124.0,96451124.0,,/ZZTo4L_13TeV_powheg_pythia8_ext1/RunIISummer16NanoAODv6-PUMoriond17_Nano25Oct2019_102X_mcRun2_asymptotic_v7-v1/NANOAODSIM
ZZTo4Lmcnlo_ext1,ZZ,1.365,10711278.0,20479341.8,,/ZZTo4L_13TeV-amcatnloFXFX-pythia8/RunIISummer16NanoAODv7-PUMoriond17_Nano02Apr2020_102X_mcRun2_asymptotic_v8_ext1-v1/NANOAODSIM
ZZTo4L,ZZ,1.382,6669988.0,6669988.0,,/ZZTo4L_13TeV_powheg_pythia8/RunIISummer16NanoAODv7-PUMoriond17_Nano02Apr2020_102X_mcRun2_asymptotic_v8-v1/NANOAODSIM
ZZZ,Other,0.01398,249237.0,3499.4,,/ZZZ_TuneCUETP8M1_13TeV-amcatnlo-pythia8/RunIISummer16NanoAODv7-PUMoriond17_Nano02Apr2020_102X_mcRun2_asymptotic_v8-v1/NANOAODSIM
ZZ,ZZ,12.14,990064.0,990064.0,,/ZZ_TuneCUETP8M1_13TeV-pythia8/RunIISummer16NanoAODv7-PUMoriond17_Nano02Apr2020_102X_mcRun2_asymptotic_v8-v1/NANOAODSIM
